context_words,target_word
telecom network optimises coverage,a
a network optimises coverage by,telecom
a telecom optimises coverage by tuning,network
a telecom network coverage by tuning antenna,optimises
a telecom network optimises by tuning antenna parameters,coverage
telecom network optimises coverage tuning antenna parameters and,by
network optimises coverage by antenna parameters and managing,tuning
optimises coverage by tuning parameters and managing interference,antenna
coverage by tuning antenna and managing interference between,parameters
by tuning antenna parameters managing interference between neighbouring,and
tuning antenna parameters and interference between neighbouring cells,managing
antenna parameters and managing between neighbouring cells bandwidth,interference
parameters and managing interference neighbouring cells bandwidth allocation,between
and managing interference between cells bandwidth allocation supports,neighbouring
managing interference between neighbouring bandwidth allocation supports voice,cells
interference between neighbouring cells allocation supports voice calls,bandwidth
between neighbouring cells bandwidth supports voice calls video,allocation
neighbouring cells bandwidth allocation voice calls video streaming,supports
cells bandwidth allocation supports calls video streaming and,voice
bandwidth allocation supports voice video streaming and data,calls
allocation supports voice calls streaming and data sessions,video
supports voice calls video and data sessions during,streaming
voice calls video streaming data sessions during peak,and
calls video streaming and sessions during peak hours,data
video streaming and data during peak hours fault,sessions
streaming and data sessions peak hours fault management,during
and data sessions during hours fault management monitors,peak
data sessions during peak fault management monitors dropped,hours
sessions during peak hours management monitors dropped calls,fault
during peak hours fault monitors dropped calls and,management
peak hours fault management dropped calls and latency,monitors
hours fault management monitors calls and latency spikes,dropped
fault management monitors dropped and latency spikes through,calls
management monitors dropped calls latency spikes through network,and
monitors dropped calls and spikes through network analytics,latency
dropped calls and latency through network analytics upgrades,spikes
calls and latency spikes network analytics upgrades involve,through
and latency spikes through analytics upgrades involve fibre,network
latency spikes through network upgrades involve fibre backhaul,analytics
spikes through network analytics involve fibre backhaul 5g,upgrades
through network analytics upgrades fibre backhaul 5g deployment,involve
network analytics upgrades involve backhaul 5g deployment and,fibre
analytics upgrades involve fibre 5g deployment and careful,backhaul
upgrades involve fibre backhaul deployment and careful rollout,5g
involve fibre backhaul 5g and careful rollout planning,deployment
fibre backhaul 5g deployment careful rollout planning,and
backhaul 5g deployment and rollout planning,careful
5g deployment and careful planning,rollout
deployment and careful rollout,planning
